{
    "Hbb": {
        "garbage": {
            "mass0": 0.9889047032532691,
            "mass1": 0.0015595937256823492,
            "mass2": 0.0009871743181316867,
            "mass3": 0.002098122046351619,
            "mass4": 0.006450406656565385
        },
        "xbb": {
            "mass0": 0.07455896554643973,
            "mass1": 0.0158607558252922,
            "mass2": 0.01210564585361315,
            "mass3": 0.11807506762493124,
            "mass4": 0.7793995651497241
        },
        "tbcq": {
            "mass0": 0.005388493585759337,
            "mass1": 0.002946194580470177,
            "mass2": 0.005141385342619965,
            "mass3": 0.03674865248690281,
            "mass4": 0.9497752740042478
        },
        "tbqq": {
            "mass0": 0.007809190851897923,
            "mass1": 0.001568192033605688,
            "mass2": 0.003329872554230487,
            "mass3": 0.04468395365445719,
            "mass4": 0.9426087909058087
        },
        "wcq": {
            "mass0": 0.03125170135502658,
            "mass1": 0.010106814917595349,
            "mass2": 0.025653887609426138,
            "mass3": 0.20852729202865994,
            "mass4": 0.7244603040892921
        },
        "vqq": {
            "mass0": 0.03402049435792655,
            "mass1": 0.006471881776995958,
            "mass2": 0.02635677317087606,
            "mass3": 0.20660479237306048,
            "mass4": 0.726546058321141
        },
        "bb": {
            "mass0": 0.1481590096155138,
            "mass1": 0.04082575654841767,
            "mass2": 0.03053641569327425,
            "mass3": 0.09066053809839243,
            "mass4": 0.6898182800444019
        },
        "bc": {
            "mass0": 0.08340926397490057,
            "mass1": 0.03546786911639083,
            "mass2": 0.03604833103541417,
            "mass3": 0.11379743869447698,
            "mass4": 0.7312770971788177
        },
        "b": {
            "mass0": 0.4571644577322535,
            "mass1": 0.07107784216182729,
            "mass2": 0.035499488618825355,
            "mass3": 0.07333628299022757,
            "mass4": 0.36292192849686633
        },
        "other": {
            "mass0": 0.45776323600465607,
            "mass1": 0.10085008768526757,
            "mass2": 0.042530312063202354,
            "mass3": 0.08078450779267747,
            "mass4": 0.31807185645419667
        }
    },
    "DY+HF": {
        "garbage": {
            "mass0": 0.9992077203024591,
            "mass1": 0.0,
            "mass2": 0.000326994583488152,
            "mass3": 0.0,
            "mass4": 0.0004652851140528461
        },
        "bb": {
            "mass0": 0.13130633734953331,
            "mass1": 0.10563775513950915,
            "mass2": 0.07944289967196166,
            "mass3": 0.13660044988553702,
            "mass4": 0.5470125579534589
        },
        "b": {
            "mass0": 0.5372769217890894,
            "mass1": 0.08262031383312698,
            "mass2": 0.041576836981738086,
            "mass3": 0.08830991413149848,
            "mass4": 0.25021601326454707
        },
        "cc": {
            "mass0": 0.05837308541131484,
            "mass1": 0.09701886298157414,
            "mass2": 0.09676740263568798,
            "mass3": 0.15496867821556365,
            "mass4": 0.5928719707558592
        },
        "c": {
            "mass0": 0.5560225753210599,
            "mass1": 0.08041234189920901,
            "mass2": 0.03834170643666518,
            "mass3": 0.0695883587148807,
            "mass4": 0.2556350176281851
        },
        "other": {
            "mass0": 0.5112974022471803,
            "mass1": 0.09790986851797231,
            "mass2": 0.05249544395535971,
            "mass3": 0.09794911065444707,
            "mass4": 0.2403481746250404
        }
    },
    "DY+LF": {
        "garbage": {
            "mass0": 1.0,
            "mass1": 0.0,
            "mass2": 0.0,
            "mass3": 0.0,
            "mass4": 0.0
        },
        "other": {
            "mass0": 0.5533932978414923,
            "mass1": 0.0900375780843376,
            "mass2": 0.04526846474949478,
            "mass3": 0.07875985220638539,
            "mass4": 0.23254080711829014
        }
    },
    "VV": {
        "garbage": {
            "mass0": 0.998781761675318,
            "mass1": 0.00021466801044573095,
            "mass2": 0.0005464456965267676,
            "mass3": 0.00045712461770964135,
            "mass4": 0.0
        },
        "xbb": {
            "mass0": 0.11133276965077946,
            "mass1": 0.04409622063340761,
            "mass2": 0.07121572368107074,
            "mass3": 0.5239848233078629,
            "mass4": 0.2493704627268794
        },
        "zcc": {
            "mass0": 0.10064561833584451,
            "mass1": 0.025592762235863258,
            "mass2": 0.0408420055779024,
            "mass3": 0.5757917493063114,
            "mass4": 0.2571278645440783
        },
        "wcq": {
            "mass0": 0.13176307259106287,
            "mass1": 0.03745406756690847,
            "mass2": 0.08496469756632999,
            "mass3": 0.5338625521226172,
            "mass4": 0.21195561015308143
        },
        "vqq": {
            "mass0": 0.11862918928673921,
            "mass1": 0.027475966338526614,
            "mass2": 0.051017824419656146,
            "mass3": 0.5649946221442413,
            "mass4": 0.23788239781083692
        },
        "b": {
            "mass0": 0.3825446857455452,
            "mass1": 0.05574351005406979,
            "mass2": 0.03175231360054996,
            "mass3": 0.032140164221795255,
            "mass4": 0.4978193263780399
        },
        "c": {
            "mass0": 0.43756431498637094,
            "mass1": 0.07426655269132573,
            "mass2": 0.040602753542961834,
            "mass3": 0.06125038267301918,
            "mass4": 0.3863159961063224
        },
        "other": {
            "mass0": 0.5440691766614019,
            "mass1": 0.09085070610362724,
            "mass2": 0.04107666109917403,
            "mass3": 0.08293199538639842,
            "mass4": 0.24107146074939848
        }
    },
    "ST": {
        "garbage": {
            "mass0": 0.9999192842993763,
            "mass1": 0.0,
            "mass2": 0.0,
            "mass3": 0.0,
            "mass4": 8.071570062366866e-05
        },
        "tbcq": {
            "mass0": 0.01045167352896434,
            "mass1": 0.0034988969116979845,
            "mass2": 0.009222055049912607,
            "mass3": 0.04928211322127464,
            "mass4": 0.9275452612881504
        },
        "tbqq": {
            "mass0": 0.007989757368012038,
            "mass1": 0.0017643548021817486,
            "mass2": 0.005686468311163905,
            "mass3": 0.051736909833775574,
            "mass4": 0.9328225096848669
        },
        "wcq": {
            "mass0": 0.07069300079661646,
            "mass1": 0.018650090858859547,
            "mass2": 0.0664665584108773,
            "mass3": 0.47747484465285167,
            "mass4": 0.36671550528079505
        },
        "vqq": {
            "mass0": 0.06632329489467981,
            "mass1": 0.015540512505068913,
            "mass2": 0.043532498097000286,
            "mass3": 0.5040974315470127,
            "mass4": 0.37050626295623823
        },
        "bb": {
            "mass0": 0.17579156391705378,
            "mass1": 0.04245780387273538,
            "mass2": 0.03139941841170293,
            "mass3": 0.07545843728181262,
            "mass4": 0.6748927765166954
        },
        "bc": {
            "mass0": 0.0720436437168504,
            "mass1": 0.028247554482088204,
            "mass2": 0.03709011629305997,
            "mass3": 0.1513437298132443,
            "mass4": 0.7112749556947572
        },
        "b": {
            "mass0": 0.3082537885577499,
            "mass1": 0.06776230198683172,
            "mass2": 0.04642885575052256,
            "mass3": 0.12411642898904747,
            "mass4": 0.4534386247158484
        },