{
    "Hbb": {
        "garbage": 0.6681515195044839,
        "xbb": 0.8702797457327418,
        "tbcq": 0.28857387435456583,
        "tbqq": 0.3073587988862988,
        "wcq": 0.22276137820719588,
        "vqq": 0.23169048391306707,
        "bb": 0.46577579929218926,
        "bc": 0.3840483532960525,
        "b": 0.6831701863064119,
        "other": 0.44517649589908925
    },
    "DY+HF": {
        "garbage": 0.7669458093155593,
        "bb": 0.8936591378572178,
        "b": 0.8000248018081935,
        "cc": 0.8969643259344457,
        "c": 0.8621271737227711,
        "other": 0.6539400995378546
    },
    "DY+LF": {
        "garbage": 0.887635065011856,
        "other": 0.8961670910683162
    },
    "VV": {
        "garbage": 0.8688395188612178,
        "xbb": 0.9420784496005731,
        "zcc": 0.9386080055155718,
        "wcq": 0.9336704840279402,
        "vqq": 0.9282157592091711,
        "b": 0.5679288011979906,
        "c": 0.890598381016679,
        "other": 0.84683551203396
    },
    "ST": {
        "garbage": 0.6085532171065424,
        "tbcq": 0.805192850771262,
        "tbqq": 0.8161550416998553,
        "wcq": 0.5692760838903452,
        "vqq": 0.5717713633462728,
        "bb": 0.837585219584388,
        "bc": 0.7094721566045914,
        "b": 0.6219506520513284,
        "c": 0.4458807145251194,
        "other": 0.43460956267671924
    },
    "TT": {
        "garbage": 0.41728430760958096,
        "tbcq": 0.5916253216583139,
        "tbqq": 0.5884944380194357,
        "wcq": 0.44978855217131014,
        "vqq": 0.4477365578785192,
        "bb": 0.8324865428245742,
        "bc": 0.5027761393838656,
        "b": 0.4928052632396231,
        "c": 0.30115004785332566,
        "other": 0.2812920806515023
    },
    "W+HF": {
        "garbage": 0.8312706627539033,
        "bb": 0.9015729268035118,
        "b": 0.6830977711065136,
        "cc": 0.9011852284020715,
        "c": 0.9062705207112774,
        "other": 0.821589706002926
    },
    "W+LF": {
        "garbage": 0.8799004964320956,
        "other": 0.906565500257813
    },
    "QCD": {
        "garbage": 0.8546800200677883,
        "bb": 0.9673861042995496,
        "b": 0.8044564237041357,
        "cc": 0.7159158240877466,
        "c": 0.8873922546028341,
        "other": 0.8391198533809974
    }
}