{
    "Mhs_50": {
        "garbage": {
            "mass0": 0.5159461078110558,
            "mass1": 0.032821894228386814,
            "mass2": 0.03765268850313257,
            "mass3": 0.0503285139486384,
            "mass4": 0.36325079550878636
        },
        "xbb": {
            "mass0": 0.16874687836772162,
            "mass1": 0.5047414325798675,
            "mass2": 0.0907854769764785,
            "mass3": 0.03482796944102129,
            "mass4": 0.20089824263491107
        },
        "bb": {
            "mass0": 0.2467114387840271,
            "mass1": 0.08303488036910789,
            "mass2": 0.024306642857990956,
            "mass3": 0.05813033739722526,
            "mass4": 0.587816700591649
        },
        "b": {
            "mass0": 0.29728604263018604,
            "mass1": 0.06768462944839228,
            "mass2": 0.041023973743874745,
            "mass3": 0.11311203507756844,
            "mass4": 0.48089331909997846
        },
        "other": {
            "mass0": 0.5030644586405727,
            "mass1": 0.12010467407776082,
            "mass2": 0.05539289783196915,
            "mass3": 0.08012036208678816,
            "mass4": 0.241317607362909
        }
    },
    "Mhs_70": {
        "garbage": {
            "mass0": 0.46326155521883344,
            "mass1": 0.022038926284797682,
            "mass2": 0.1334264408843119,
            "mass3": 0.052276715539723746,
            "mass4": 0.3289963620723334
        },
        "xbb": {
            "mass0": 0.13934586454098707,
            "mass1": 0.08173684996988101,
            "mass2": 0.3681438750186285,
            "mass3": 0.20789652824895918,
            "mass4": 0.20287688222154437
        },
        "bb": {
            "mass0": 0.46808734219146353,
            "mass1": 0.07919786830509516,
            "mass2": 0.04934181707659583,
            "mass3": 0.06172347073650354,
            "mass4": 0.34164950169034175
        },
        "b": {
            "mass0": 0.30035851684226805,
            "mass1": 0.046774269573958735,
            "mass2": 0.03358570001324036,
            "mass3": 0.10724285335375329,
            "mass4": 0.5120386602167797
        },
        "other": {
            "mass0": 0.48909973457935124,
            "mass1": 0.10897070128503074,
            "mass2": 0.05833726959591613,
            "mass3": 0.07795351999707854,
            "mass4": 0.26563877454262314
        }
    },
    "Mhs_90": {
        "garbage": {
            "mass0": 0.5179766270411409,
            "mass1": 0.052336484857391695,
            "mass2": 0.0,
            "mass3": 0.028370633923036157,
            "mass4": 0.4013162541784312
        },
        "xbb": {
            "mass0": 0.11563116665355289,
            "mass1": 0.031174057749841007,
            "mass2": 0.07690745701226027,
            "mass3": 0.533312416031563,
            "mass4": 0.24297490255278273
        },
        "bb": {
            "mass0": 0.4740541325180532,
            "mass1": 0.09300042226543878,
            "mass2": 0.026020570904205672,
            "mass3": 0.07616893961265288,
            "mass4": 0.3307559346996494
        },
        "b": {
            "mass0": 0.39287818861886664,
            "mass1": 0.058269869871884865,
            "mass2": 0.03602377639098588,
            "mass3": 0.0793455632390518,
            "mass4": 0.43348260187921084
        },
        "other": {
            "mass0": 0.500527826525844,
            "mass1": 0.11364404082224987,
            "mass2": 0.05321156981955247,
            "mass3": 0.07741913703950169,
            "mass4": 0.2551974257928519
        }
    },
    "MonoJet": {
        "garbage": {
            "mass0": 1.0,
            "mass1": 0.0,
            "mass2": 0.0,
            "mass3": 0.0,
            "mass4": 0.0
        },
        "cc": {
            "mass0": 0.061588201434698925,
            "mass1": 0.15970656702759353,
            "mass2": 0.19874817524280702,
            "mass3": 0.18451610040898161,
            "mass4": 0.39544095588591877
        },
        "c": {
            "mass0": 0.527161138000668,
            "mass1": 0.06872555514746095,
            "mass2": 0.031733333021819576,
            "mass3": 0.1013387238447014,
            "mass4": 0.2710412499853501
        },
        "other": {
            "mass0": 0.470549219814652,
            "mass1": 0.10230944271046644,
            "mass2": 0.05318028163971806,
            "mass3": 0.09228766772682273,
            "mass4": 0.28167338810834075
        }
    },
    "MonoW": {
        "garbage": {
            "mass0": 0.5024981412553372,
            "mass1": 0.022442801872701073,
            "mass2": 0.028976328687958436,
            "mass3": 0.06874529123568436,
            "mass4": 0.37733743694831867
        },
        "wcq": {
            "mass0": 0.14263396300834497,
            "mass1": 0.02944901068257672,
            "mass2": 0.09329309539946182,
            "mass3": 0.48309398242106455,
            "mass4": 0.2515299484885522
        },
        "vqq": {
            "mass0": 0.13280560928437826,
            "mass1": 0.030957640051420245,
            "mass2": 0.06468075731696131,
            "mass3": 0.5123263756216457,
            "mass4": 0.25922961772559444
        },
        "c": {
            "mass0": 0.38264561492558324,
            "mass1": 0.06014189511668226,
            "mass2": 0.03939728090179777,
            "mass3": 0.07555676635356766,
            "mass4": 0.44225844270236897
        },
        "other": {
            "mass0": 0.4350418735647683,
            "mass1": 0.08194132660013594,
            "mass2": 0.03988836176557696,
            "mass3": 0.0819885361256509,
            "mass4": 0.3611399019438678
        }
    },
    "MonoZ": {
        "garbage": {
            "mass0": 1.0,
            "mass1": 0.0,
            "mass2": 0.0,
            "mass3": 0.0,
            "mass4": 0.0
        },
        "zcc": {
            "mass0": 0.12879505536626087,
            "mass1": 0.024766148466407224,
            "mass2": 0.036870568798094035,
            "mass3": 0.4983300987709561,
            "mass4": 0.3112381285982818
        },
        "vqq": {
            "mass0": 0.12606011223931501,
            "mass1": 0.023909175978711148,
            "mass2": 0.027046422205408014,
            "mass3": 0.477869002081931,
            "mass4": 0.3451152874946349
        },
        "cc": {
            "mass0": 0.39919528330956566,
            "mass1": 0.0890072252180442,
            "mass2": 0.04664856817260354,
            "mass3": 0.13853838978106253,
            "mass4": 0.3266105335187242
        },
        "c": {
            "mass0": 0.443843577170455,
            "mass1": 0.0581231598142498,
            "mass2": 0.03516867986205725,
            "mass3": 0.07480079469514657,
            "mass4": 0.38806378845809125
        },
        "other": {
            "mass0": 0.44790667217382046,
            "mass1": 0.07252862226753383,
            "mass2": 0.04020663359145421,
            "mass3": 0.08342298972463934,
            "mass4": 0.3559350822425519
        }
    }
}