{
    "Hbb": {
        "garbage": 0.10974203196004961,
        "xbb": 0.5957991461422694,
        "tbcq": 0.02539758641325095,
        "tbqq": 0.028265602743172327,
        "wcq": 0.010388334968392785,
        "vqq": 0.011656654501813855,
        "bb": 0.046907661726371626,
        "bc": 0.0076127609928956265,
        "b": 0.12522959946668358,
        "other": 0.03900062108510021
    },
    "DY+HF": {
        "garbage": 0.5378662105241249,
        "bb": 0.024808403241211068,
        "b": 0.11074357156779913,
        "cc": 0.03205809965950937,
        "c": 0.1899776350773419,
        "other": 0.10454607993001375
    },
    "DY+LF": {
        "garbage": 0.4986259494589225,
        "other": 0.5013740505410773
    },
    "VV": {
        "garbage": 0.1332138996615275,
        "xbb": 0.013978282550540188,
        "zcc": 0.01565782277687116,
        "wcq": 0.18660632504414457,
        "vqq": 0.25755601303783726,
        "b": 0.004334701080846671,
        "c": 0.030941030331624424,
        "other": 0.357711925516608
    },
    "ST": {
        "garbage": 0.14304196098511274,
        "tbcq": 0.11671426693883526,
        "tbqq": 0.12430452128212767,
        "wcq": 0.07223568092960839,
        "vqq": 0.08282734502090625,
        "bb": 0.0591129362314697,
        "bc": 0.038728584961009116,
        "b": 0.2352570610607656,
        "c": 0.012020471016004276,
        "other": 0.11575717157416099
    },
    "TT": {
        "garbage": 0.09917699875084862,
        "tbcq": 0.19095566198179412,
        "tbqq": 0.2048711703226441,
        "wcq": 0.06087189517469213,
        "vqq": 0.06820022423925018,
        "bb": 0.053070681075918696,
        "bc": 0.03852478480253615,
        "b": 0.18047950866801146,
        "c": 0.009950936956383856,
        "other": 0.09389813802792059
    },
    "W+HF": {
        "garbage": 0.17418381131524885,
        "bb": 0.017837568326634152,
        "b": 0.01261571750926343,
        "cc": 0.022730073787939748,
        "c": 0.4016048378663134,
        "other": 0.3710279911946005
    },
    "W+LF": {
        "garbage": 0.1333352154335312,
        "other": 0.866664784566469
    },
    "QCD": {
        "garbage": 0.28550862309552033,
        "bb": 0.007497955895729903,
        "b": 0.09835494168792037,
        "cc": 0.008972741574084496,
        "c": 0.04521190947923303,
        "other": 0.5544538282675119
    },
    "G+HF": {
        "garbage": 0.8243229311229683,
        "bb": 0.004219229450591294,
        "b": 0.012784430529948213,
        "cc": 0.010906200806082936,
        "c": 0.09928522642701772,
        "other": 0.048481981663391516
    },
    "G+LF": {
        "garbage": 0.8103667559034426,
        "other": 0.1896332440965573
    }
}