{
    "Mhs_50": {
        "garbage": 0.003387577181013995,
        "xbb": 0.8045324917887353,
        "bb": 0.00648073165791242,
        "b": 0.08302834124499209,
        "other": 0.10257085812734607
    },
    "Mhs_70": {
        "garbage": 0.0018570784291813615,
        "xbb": 0.8350278230947332,
        "bb": 0.012210205201966872,
        "b": 0.08583100876916823,
        "other": 0.06507388450495016
    },
    "Mhs_90": {
        "garbage": 0.0013836708447981278,
        "xbb": 0.8314272974817222,
        "bb": 0.01600927474363937,
        "b": 0.10233219338918592,
        "other": 0.048847563540654663
    },
    "MonoJet": {
        "garbage": 0.0002519128731282428,
        "cc": 0.0059498113044280905,
        "c": 0.024397848353558457,
        "other": 0.9694004274688853
    },
    "MonoW": {
        "garbage": 0.0010263435371734412,
        "wcq": 0.36476527153660926,
        "vqq": 0.3855819446788135,
        "c": 0.04638437169661257,
        "other": 0.20224206855079133
    },
    "MonoZ": {
        "garbage": 0.000427093542258451,
        "zcc": 0.155129649760516,
        "vqq": 0.5874578573228496,
        "cc": 0.004270680826760355,
        "c": 0.030196219639879313,
        "other": 0.22251849890773648
    }
}