{
    "Hbb": 0.740555262764902,
    "DY+HF": 0.7841888235484544,
    "DY+LF": 0.8919128014751053,
    "VV": 0.88984405976984,
    "ST": 0.6499343769678404,
    "TT": 0.5147407196105054,
    "W+HF": 0.8587729399436966,
    "W+LF": 0.9030101162281751,
    "QCD": 0.8421918397532595
}