{
    "garbage": 0.08406968511305318,
    "xbb": 0.8815403227255647,
    "tbcq": 0.6816232685978727,
    "tbqq": 0.5528229644385104,
    "zcc": 0.3982168800577921,
    "wcq": 0.21243505834534634,
    "vqq": 0.05292137658510044,
    "bb": 0.7858699870979197,
    "bc": 0.7275190352225822,
    "b": 0.5865275253718004,
    "cc": 0.25197261181990355,
    "c": 0.1589768626996781,
    "other": 0.05539193506726003
}