{
    "Mhs_50": {
        "xbb": 0.8045324917887352,
        "b": 0.08302834124499207,
        "bb": 0.006480731657912419,
        "other": 0.10257085812734605,
        "garbage": 0.00038260653221459457
    },
    "Mhs_70": {
        "xbb": 0.8350278230947331,
        "b": 0.08583100876916822,
        "bb": 0.012210205201966869,
        "other": 0.06507388450495016,
        "garbage": 0.00014970593984273787
    },
    "Mhs_90": {
        "xbb": 0.8314272974817222,
        "b": 0.10233219338918594,
        "bb": 0.016009274743639373,
        "other": 0.04884756354065467,
        "garbage": 0.00025650164472041135
    },
    "MonoJet": {
        "c": 0.02439784835355846,
        "cc": 0.0059498113044280905,
        "other": 0.9694004274688852,
        "garbage": 0.0002519128731282428
    },
    "MonoW": {
        "vqq": 0.3855819446788134,
        "wcq": 0.36476527153660915,
        "c": 0.04638437169661255,
        "other": 0.20224206855079124,
        "garbage": 0.00040181760194209627
    },
    "MonoZ": {
        "vqq": 0.5874578573228496,
        "c": 0.030196219639879313,
        "cc": 0.004270680826760355,
        "other": 0.22251849890773648,
        "zcc": 0.155129649760516,
        "garbage": 0.000427093542258451
    }
}