{
    "Hbb": {
        "xbb": 0.5958968231968534,
        "vqq": 0.011648447871151829,
        "wcq": 0.010451773097057365,
        "b": 0.12495700628922786,
        "bb": 0.04708285006719733,
        "bc": 0.007469758388601741,
        "other": 0.039223681832670436,
        "tbcq": 0.02529684559676589,
        "tbqq": 0.028551500487040745,
        "garbage": 0.10727034854814273
    },
    "DY+HF": {
        "b": 0.11066776407900879,
        "bb": 0.024884202237471807,
        "c": 0.18966793156906506,
        "cc": 0.032378069324055216,
        "other": 0.10414230923469396,
        "garbage": 0.5378473464603702
    },
    "DY+LF": {
        "other": 0.5017275200473598,
        "garbage": 0.49827247995264
    },
    "VV": {
        "xbb": 0.014061633485518348,
        "vqq": 0.2576987149762776,
        "wcq": 0.18639341958071365,
        "b": 0.004210805118387052,
        "c": 0.030593789583876686,
        "other": 0.35757070221129944,
        "zcc": 0.016006035716393138,
        "garbage": 0.13297897914625353
    },
    "ST": {
        "vqq": 0.08283272253687088,
        "wcq": 0.07222923216500243,
        "b": 0.2351023064246787,
        "bb": 0.05920790149153748,
        "bc": 0.03871279643237795,
        "c": 0.012192418996497489,
        "other": 0.11599292884179087,
        "tbcq": 0.11673908240238105,
        "tbqq": 0.12432826062859596,
        "garbage": 0.14263206259351568
    },
    "TT": {
        "vqq": 0.06825000680523163,
        "wcq": 0.06085908075639961,
        "b": 0.18059849018922747,
        "bb": 0.05304273925368891,
        "bc": 0.03828298984982509,
        "c": 0.009947633849377325,
        "other": 0.09333718449731195,
        "tbcq": 0.19083401516975695,
        "tbqq": 0.20503733224498827,
        "garbage": 0.09946216888380711
    },
    "W+HF": {
        "b": 0.012615717509263429,
        "bb": 0.01783756832663415,
        "c": 0.4016048378663133,
        "cc": 0.022730073787939745,
        "other": 0.37102799119460045,
        "garbage": 0.1736484514833512
    },
    "W+LF": {
        "other": 0.8666647845664689,
        "garbage": 0.1333352154335312
    },
    "G+HF": {
        "b": 0.01272216242813793,
        "bb": 0.004392888525938518,
        "c": 0.09897421069409902,
        "cc": 0.01050808191342997,
        "other": 0.04775662638591449,
        "garbage": 0.8255230894330109
    },
    "G+LF": {
        "other": 0.188035758021665,
        "garbage": 0.8119642419783349
    },
    "QCD": {
        "b": 0.09815654846942579,
        "bb": 0.007428891889096857,
        "c": 0.04529161157730191,
        "cc": 0.008932224613089436,
        "other": 0.5538797898302994,
        "garbage": 0.28627459071420613
    }
}