{
    "garbage": 0.0,
    "xbb": 0.8834294109547668,
    "tbcq": 0.6912971378542238,
    "tbqq": 0.5627582249628107,
    "zcc": 0.4202233211612642,
    "wcq": 0.1973980420715185,
    "vqq": 0.05376203701942618,
    "bb": 0.7831995831416387,
    "bc": 0.7277484108930388,
    "b": 0.5939862044537099,
    "cc": 0.2492290366708888,
    "c": 0.1326670208441579,
    "other": 0.030139300063312603
}