{
    "W+HF": {
        "sr": {
            "garbage": 0.00016467076315192423,
            "xbb": 0.0,
            "tbcq": 0.0,
            "tbqq": 0.0,
            "zcc": 0.0,
            "wcq": 0.0,
            "vqq": 0.0,
            "bb": 0.028803409186641017,
            "bc": 0.0003795709308177031,
            "b": 0.020738494986661887,
            "cc": 0.03518321965923585,
            "c": 0.3156250931725277,
            "other": 0.5991055413009636
        },
        "tecr": {
            "garbage": 0.10030222346904272,
            "xbb": 0.0,
            "tbcq": 0.0,
            "tbqq": 0.0,
            "zcc": 0.0,
            "wcq": 0.0,
            "vqq": 0.0,
            "bb": 0.014514610708169097,
            "bc": 0.0010250489925213541,
            "b": 0.04469668508476447,
            "cc": 0.016319400642100263,
            "c": 0.22499641748914195,
            "other": 0.5981456136142601
        },
        "tmcr": {
            "garbage": 0.29382475770412453,
            "xbb": 0.0,
            "tbcq": 0.0,
            "tbqq": 0.0,
            "zcc": 0.0,
            "wcq": 0.0,
            "vqq": 0.0,
            "bb": 0.010802976236076432,
            "bc": 0.0013894764935938808,
            "b": 0.03357599880157624,
            "cc": 0.014233674201088932,
            "c": 0.17695700885477228,
            "other": 0.4692161077087678
        },
        "wecr": {
            "garbage": 0.0536460100395217,
            "xbb": 0.0,
            "tbcq": 0.0,
            "tbqq": 0.0,
            "zcc": 0.0,
            "wcq": 0.0,
            "vqq": 0.0,
            "bb": 0.021313036773637946,
            "bc": 0.00040362855011226705,
            "b": 0.010824536865689684,
            "cc": 0.027272214445807345,
            "c": 0.45730373246138123,
            "other": 0.4292368408638499
        },
        "wmcr": {
            "garbage": 0.25280478633375153,
            "xbb": 0.0,
            "tbcq": 0.0,
            "tbqq": 0.0,
            "zcc": 0.0,
            "wcq": 0.0,
            "vqq": 0.0,
            "bb": 0.017604538932966658,
            "bc": 0.0005677613628569255,
            "b": 0.008888984984657906,
            "cc": 0.021965080676062166,
            "c": 0.37592404435143,
            "other": 0.3222448033582748
        },
        "zecr": {
            "garbage": 0.7613904821709248,
            "xbb": 0.0,
            "tbcq": 0.0,
            "tbqq": 0.0,
            "zcc": 0.0,
            "wcq": 0.0,
            "vqq": 0.0,
            "bb": 0.008001571216083636,
            "bc": 0.0,
            "b": 0.04525455953250025,
            "cc": 0.004158380648259136,
            "c": 0.08205333521424386,
            "other": 0.09914167121798839
        },
        "zmcr": {
            "garbage": 0.45812961939003816,
            "xbb": 0.0,
            "tbcq": 0.0,
            "tbqq": 0.0,
            "zcc": 0.0,
            "wcq": 0.0,
            "vqq": 0.0,
            "bb": 0.0,
            "bc": 0.0,
            "b": 0.0,
            "cc": 0.0,
            "c": 0.2831201543036927,
            "other": 0.25875022630626915
        }
    },
    "W+LF": {
        "sr": {
            "garbage": 0.00028318823349829787,
            "xbb": 0.0,
            "tbcq": 0.0,
            "tbqq": 0.0,
            "zcc": 0.0,
            "wcq": 0.0,
            "vqq": 0.0,
            "bb": 0.0,
            "bc": 0.0,
            "b": 0.0,
            "cc": 0.0,
            "c": 0.0,
            "other": 0.9997168117665017
        },
        "tecr": {
            "garbage": 0.08199797747316416,
            "xbb": 0.0,
            "tbcq": 0.0,
            "tbqq": 0.0,
            "zcc": 0.0,
            "wcq": 0.0,
            "vqq": 0.0,
            "bb": 0.0,
            "bc": 0.0,
            "b": 0.0,
            "cc": 0.0,
            "c": 0.0,
            "other": 0.9180020225268357
        },
        "tmcr": {
            "garbage": 0.24272354839707383,
            "xbb": 0.0,
            "tbcq": 0.0,
            "tbqq": 0.0,
            "zcc": 0.0,
            "wcq": 0.0,
            "vqq": 0.0,
            "bb": 0.0,
            "bc": 0.0,
            "b": 0.0,
            "cc": 0.0,
            "c": 0.0,
            "other": 0.757276451602926
        },
        "wecr": {
            "garbage": 0.04780263832674379,
            "xbb": 0.0,
            "tbcq": 0.0,
            "tbqq": 0.0,
            "zcc": 0.0,
            "wcq": 0.0,
            "vqq": 0.0,
            "bb": 0.0,
            "bc": 0.0,
            "b": 0.0,
            "cc": 0.0,
            "c": 0.0,
            "other": 0.9521973616732562
        },
        "wmcr": {
            "garbage": 0.20743974226104075,
            "xbb": 0.0,
            "tbcq": 0.0,
            "tbqq": 0.0,
            "zcc": 0.0,
            "wcq": 0.0,
            "vqq": 0.0,
            "bb": 0.0,
            "bc": 0.0,
            "b": 0.0,
            "cc": 0.0,
            "c": 0.0,
            "other": 0.7925602577389591
        },
        "zecr": {
            "garbage": 0.6764378828371188,
            "xbb": 0.0,
            "tbcq": 0.0,
            "tbqq": 0.0,
            "zcc": 0.0,
            "wcq": 0.0,
            "vqq": 0.0,
            "bb": 0.0,
            "bc": 0.0,
            "b": 0.0,
            "cc": 0.0,
            "c": 0.0,
            "other": 0.323562117162881
        },
        "zmcr": {
            "garbage": 0.4951348846918768,
            "xbb": 0.0,
            "tbcq": 0.0,
            "tbqq": 0.0,
            "zcc": 0.0,
            "wcq": 0.0,
            "vqq": 0.0,
            "bb": 0.0,
            "bc": 0.0,
            "b": 0.0,
            "cc": 0.0,
            "c": 0.0,
            "other": 0.5048651153081234
        }
    },
    "Z+HF": {
        "sr": {
            "garbage": 0.0002316273212959135,
            "xbb": 0.0,
            "tbcq": 0.0,
            "tbqq": 0.0,
            "zcc": 0.0,
            "wcq": 0.0,
            "vqq": 0.0,
            "bb": 0.07336270511364358,
            "bc": 0.0012101491511670012,
            "b": 0.2679679476701477,
            "cc": 0.07915634460367842,
            "c": 0.4188468722713966,
            "other": 0.15922435386867048
        }
    },
    "Z+LF": {
        "sr": {
            "garbage": 0.0002274876054082573,
            "xbb": 0.0,
            "tbcq": 0.0,
            "tbqq": 0.0,
            "zcc": 0.0,
            "wcq": 0.0,
            "vqq": 0.0,
            "bb": 0.0,
            "bc": 0.0,
            "b": 0.0,
            "cc": 0.0,
            "c": 0.0,
            "other": 0.9997725123945918
        }
    },
    "G+HF": {
        "gcr": {
            "garbage": 0.8740465115983741,
            "xbb": 0.0,
            "tbcq": 0.0,
            "tbqq": 0.0,
            "zcc": 0.0,
            "wcq": 0.0,
            "vqq": 0.0,
            "bb": 0.005461504942002905,
            "bc": 6.123383938738419e-05,
            "b": 0.010167271112678775,
            "cc": 0.01155295574849919,
            "c": 0.06516361578264954,
            "other": 0.03354690697640833
        }
    },
    "G+LF": {
        "gcr": {
            "garbage": 0.8755988061608848,
            "xbb": 0.0,
            "tbcq": 0.0,
            "tbqq": 0.0,
            "zcc": 0.0,
            "wcq": 0.0,
            "vqq": 0.0,
            "bb": 0.0,
            "bc": 0.0,
            "b": 0.0,
            "cc": 0.0,
            "c": 0.0,
            "other": 0.12440119383911515
        }
    },
    "DY+HF": {
        "sr": {
            "garbage": 0.0,
            "xbb": 0.0,
            "tbcq": 0.0,
            "tbqq": 0.0,
            "zcc": 0.0,
            "wcq": 0.0,
            "vqq": 0.0,
            "bb": 0.07704562153860582,
            "bc": 0.0031632896462732807,
            "b": 0.172904484635736,
            "cc": 0.09724030860284943,
            "c": 0.46852781800259496,
            "other": 0.18111847757394028
        },
        "tecr": {
            "garbage": 0.09522507730859173,