{
    "W": {
        "sr": 0.12137273154123511,
        "tecr": 0.2692318052963525,
        "tmcr": 0.2780840598234493,
        "wecr": 0.16033534977772745,
        "wmcr": 0.17009299221291793,
        "zecr": 0.16066832133196288,
        "zmcr": 0.26511309481852463
    },
    "Z": {
        "sr": 0.08455142914886102
    },
    "G": {
        "gcr": 0.1213987231606816
    },
    "DY": {
        "sr": 0.0584091235806264,
        "tecr": 0.20188731282887817,
        "tmcr": 0.20705149265903394,
        "wecr": 0.07943748011486661,
        "wmcr": 0.0801601717824659,
        "zecr": 0.10039066861275094,
        "zmcr": 0.10010653297489924
    }
}