{
    "W+jets": {
        "sr": {
            "pass": 1.0834322102186562,
            "fail": 0.9961592893304086
        },
        "tecr": {
            "pass": 1.1418592636384222,
            "fail": 0.9931174829581619
        },
        "tmcr": {
            "pass": 1.1360894008946039,
            "fail": 0.9947855476704924
        },
        "wecr": {
            "pass": 1.1230964092213591,
            "fail": 0.9951466675785577
        },
        "wmcr": {
            "pass": 1.131061568714228,
            "fail": 0.9958496518124568
        },
        "zecr": {
            "pass": 1.2178213205545176,
            "fail": 0.996797695459777
        },
        "zmcr": {
            "pass": 0.0,
            "fail": 1.0
        }
    },
    "Z+jets": {
        "sr": {
            "pass": 1.1873488102145409,
            "fail": 0.9901991312062343
        }
    },
    "G+jets": {
        "gcr": {
            "pass": 1.1712998621714596,
            "fail": 0.9991361465789526
        }
    },
    "DY+jets": {
        "sr": {
            "pass": 1.1287327744220854,
            "fail": 0.9938533296531501
        },
        "tecr": {
            "pass": 1.2611269381037,
            "fail": 0.9804530029338798
        },
        "tmcr": {
            "pass": 1.189528101427425,
            "fail": 0.9929639430972437
        },
        "wecr": {
            "pass": 1.1604659819455276,
            "fail": 0.991730499367109
        },
        "wmcr": {
            "pass": 1.1445520653201466,
            "fail": 0.9963076173715687
        },
        "zecr": {
            "pass": 1.1935451682619516,
            "fail": 0.999092088657083
        },
        "zmcr": {
            "pass": 1.1901398169268311,
            "fail": 0.9991237489930179
        }
    }
}