{
    "Hbb": {
        "xbb": {
            "mass0": 0.07411029231875484,
            "mass1": 0.016035230394045398,
            "mass2": 0.012372476541190098,
            "mass3": 0.11923456971743454,
            "mass4": 0.7782474310285752
        },
        "vqq": {
            "mass0": 0.0328572660849319,
            "mass1": 0.006250595284704688,
            "mass2": 0.026208491929505057,
            "mass3": 0.20788204559783935,
            "mass4": 0.7268016011030193
        },
        "wcq": {
            "mass0": 0.03058897997407072,
            "mass1": 0.010784495344614571,
            "mass2": 0.02460900760843489,
            "mass3": 0.2115653786161217,
            "mass4": 0.7224521384567579
        },
        "b": {
            "mass0": 0.4572340459670261,
            "mass1": 0.07161556153499372,
            "mass2": 0.036092218291810856,
            "mass3": 0.07240897605300502,
            "mass4": 0.36264919815316443
        },
        "bb": {
            "mass0": 0.1485843540699265,
            "mass1": 0.041407036610330364,
            "mass2": 0.031833038139906074,
            "mass3": 0.09021396818225381,
            "mass4": 0.6879616029975831
        },
        "bc": {
            "mass0": 0.08170283521532908,
            "mass1": 0.03611247265241971,
            "mass2": 0.03571528443795093,
            "mass3": 0.1087483957117632,
            "mass4": 0.737721011982537
        },
        "other": {
            "mass0": 0.4482622501728747,
            "mass1": 0.0996391346546349,
            "mass2": 0.04341641621620618,
            "mass3": 0.0814008374973753,
            "mass4": 0.3272813614589089
        },
        "tbcq": {
            "mass0": 0.005221296880174147,
            "mass1": 0.0028547786735886376,
            "mass2": 0.004981856027469281,
            "mass3": 0.03633457474814447,
            "mass4": 0.9506074936706236
        },
        "tbqq": {
            "mass0": 0.007767106382973402,
            "mass1": 0.0014983507791581146,
            "mass2": 0.0031815728107333335,
            "mass3": 0.043358322933102995,
            "mass4": 0.9441946470940319
        },
        "garbage": {
            "mass0": 1.0,
            "mass1": 0.0,
            "mass2": 0.0,
            "mass3": 0.0,
            "mass4": 0.0
        }
    },
    "DY+HF": {
        "b": {
            "mass0": 0.5382860296864116,
            "mass1": 0.08022488791452446,
            "mass2": 0.04059474480122203,
            "mass3": 0.08766725290047013,
            "mass4": 0.25322708469737154
        },
        "bb": {
            "mass0": 0.12809438753737107,
            "mass1": 0.11161128700544883,
            "mass2": 0.07686438070465351,
            "mass3": 0.1517723671241794,
            "mass4": 0.5316575776283471
        },
        "c": {
            "mass0": 0.5547728502468913,
            "mass1": 0.080065206139719,
            "mass2": 0.041706918780111,
            "mass3": 0.06821118244922553,
            "mass4": 0.25524384238405323
        },
        "cc": {
            "mass0": 0.056453232474723995,
            "mass1": 0.10086116712015424,
            "mass2": 0.10286036712090739,
            "mass3": 0.15804669774184757,
            "mass4": 0.5817785355423668
        },
        "other": {
            "mass0": 0.5135807602100577,
            "mass1": 0.09664043942187399,
            "mass2": 0.05161264734408788,
            "mass3": 0.09847007841346707,
            "mass4": 0.23969607461051337
        },
        "garbage": {
            "mass0": 1.0,
            "mass1": 0.0,
            "mass2": 0.0,
            "mass3": 0.0,
            "mass4": 0.0
        }
    },
    "DY+LF": {
        "other": {
            "mass0": 0.5531588659079761,
            "mass1": 0.09011598906619783,
            "mass2": 0.04559986241587294,
            "mass3": 0.07881606116101196,
            "mass4": 0.23230922144894142
        },
        "garbage": {
            "mass0": 1.0,
            "mass1": 0.0,
            "mass2": 0.0,
            "mass3": 0.0,
            "mass4": 0.0
        }
    },
    "VV": {
        "xbb": {
            "mass0": 0.11767673754578015,
            "mass1": 0.0337244940889034,
            "mass2": 0.07586538858901802,
            "mass3": 0.5252715266311178,
            "mass4": 0.24746185314518054
        },
        "vqq": {
            "mass0": 0.12050528306118606,
            "mass1": 0.0276700173132336,
            "mass2": 0.04978418912701333,
            "mass3": 0.5635005037530797,
            "mass4": 0.23854000674548725
        },
        "wcq": {
            "mass0": 0.13167852971947777,
            "mass1": 0.037370753163433766,
            "mass2": 0.084965139981735,
            "mass3": 0.5342206029032701,
            "mass4": 0.21176497423208332
        },
        "b": {
            "mass0": 0.3650300926321182,
            "mass1": 0.059006701806350884,
            "mass2": 0.025147534969685713,
            "mass3": 0.037875842321003834,
            "mass4": 0.5129398282708413
        },
        "c": {
            "mass0": 0.44127969145633267,
            "mass1": 0.07434810041098498,
            "mass2": 0.04290673232590103,
            "mass3": 0.06325446878904911,
            "mass4": 0.3782110070177324
        },
        "other": {
            "mass0": 0.5448613707531061,
            "mass1": 0.09060270120155905,
            "mass2": 0.04030817371916462,
            "mass3": 0.08361499817693425,
            "mass4": 0.24061275614923594
        },
        "zcc": {
            "mass0": 0.10097428046114565,
            "mass1": 0.025785500546725314,
            "mass2": 0.04908297280158717,
            "mass3": 0.5337771023045574,
            "mass4": 0.29038014388598427
        },
        "garbage": {
            "mass0": 1.0,
            "mass1": 0.0,
            "mass2": 0.0,
            "mass3": 0.0,
            "mass4": 0.0
        }
    },
    "ST": {
        "vqq": {
            "mass0": 0.06634882043961517,
            "mass1": 0.015539279519575459,
            "mass2": 0.043558320110750406,
            "mass3": 0.5040708776794658,
            "mass4": 0.3704827022505934
        },
        "wcq": {
            "mass0": 0.0706982928609891,
            "mass1": 0.018651487001055646,
            "mass2": 0.0663556655238033,
            "mass3": 0.47751860933019696,
            "mass4": 0.36677594528395496
        },
        "b": {
            "mass0": 0.30856384665631903,
            "mass1": 0.0679418509486837,
            "mass2": 0.046319656866015746,
            "mass3": 0.12406775017192213,
            "mass4": 0.45310689535705945
        },
        "bb": {
            "mass0": 0.1758659043645878,
            "mass1": 0.04214253892046815,
            "mass2": 0.03120411533691802,
            "mass3": 0.07567854429200611,
            "mass4": 0.6751088970860201
        },
        "bc": {
            "mass0": 0.07330744774535307,
            "mass1": 0.02797897274211635,
            "mass2": 0.03720316407694393,
            "mass3": 0.15128124557797384,
            "mass4": 0.7102291698576129
        },
        "c": {
            "mass0": 0.45798019851664834,
            "mass1": 0.08161910165845028,
            "mass2": 0.030474417953539196,
            "mass3": 0.08018194111073805,
            "mass4": 0.3497443407606243
        },
        "other": {
            "mass0": 0.5620851112869646,
            "mass1": 0.09501742710241752,
            "mass2": 0.0461648724382613,
            "mass3": 0.07400945407813893,
            "mass4": 0.2227231350942178
        },
        "tbcq": {
            "mass0": 0.010490320653215186,
            "mass1": 0.003472531247930959,
            "mass2": 0.009243906140174287,
            "mass3": 0.049343856226204234,
            "mass4": 0.9274493857324754
        },
        "tbqq": {
            "mass0": 0.007988116599867163,
            "mass1": 0.0017639924761407516,
            "mass2": 0.005685024178699792,