{
    "Mhs_50": {
        "xbb": {
            "mass0": 0.16874687836772162,
            "mass1": 0.5047414325798674,
            "mass2": 0.0907854769764785,
            "mass3": 0.034827969441021296,
            "mass4": 0.20089824263491107
        },
        "b": {
            "mass0": 0.29728604263018604,
            "mass1": 0.06768462944839228,
            "mass2": 0.041023973743874745,
            "mass3": 0.11311203507756844,
            "mass4": 0.48089331909997846
        },
        "bb": {
            "mass0": 0.24671143878402704,
            "mass1": 0.08303488036910789,
            "mass2": 0.024306642857990956,
            "mass3": 0.05813033739722526,
            "mass4": 0.587816700591649
        },
        "other": {
            "mass0": 0.5030644586405727,
            "mass1": 0.12010467407776082,
            "mass2": 0.05539289783196915,
            "mass3": 0.08012036208678816,
            "mass4": 0.241317607362909
        },
        "garbage": {
            "mass0": 1.0,
            "mass1": 0.0,
            "mass2": 0.0,
            "mass3": 0.0,
            "mass4": 0.0
        }
    },
    "Mhs_70": {
        "xbb": {
            "mass0": 0.1393458645409871,
            "mass1": 0.08173684996988104,
            "mass2": 0.3681438750186286,
            "mass3": 0.20789652824895924,
            "mass4": 0.2028768822215444
        },
        "b": {
            "mass0": 0.3003585168422681,
            "mass1": 0.04677426957395875,
            "mass2": 0.03358570001324038,
            "mass3": 0.1072428533537533,
            "mass4": 0.5120386602167798
        },
        "bb": {
            "mass0": 0.46808734219146364,
            "mass1": 0.07919786830509518,
            "mass2": 0.049341817076595844,
            "mass3": 0.061723470736503555,
            "mass4": 0.3416495016903418
        },
        "other": {
            "mass0": 0.48909973457935124,
            "mass1": 0.10897070128503075,
            "mass2": 0.05833726959591613,
            "mass3": 0.07795351999707854,
            "mass4": 0.26563877454262314
        },
        "garbage": {
            "mass0": 1.0,
            "mass1": 0.0,
            "mass2": 0.0,
            "mass3": 0.0,
            "mass4": 0.0
        }
    },
    "Mhs_90": {
        "xbb": {
            "mass0": 0.1156311666535529,
            "mass1": 0.03117405774984101,
            "mass2": 0.07690745701226029,
            "mass3": 0.5333124160315631,
            "mass4": 0.24297490255278276
        },
        "b": {
            "mass0": 0.39287818861886664,
            "mass1": 0.058269869871884865,
            "mass2": 0.03602377639098588,
            "mass3": 0.0793455632390518,
            "mass4": 0.4334826018792108
        },
        "bb": {
            "mass0": 0.4740541325180532,
            "mass1": 0.09300042226543877,
            "mass2": 0.026020570904205672,
            "mass3": 0.07616893961265288,
            "mass4": 0.3307559346996494
        },
        "other": {
            "mass0": 0.5005278265258439,
            "mass1": 0.11364404082224987,
            "mass2": 0.05321156981955247,
            "mass3": 0.07741913703950169,
            "mass4": 0.2551974257928518
        },
        "garbage": {
            "mass0": 1.0,
            "mass1": 0.0,
            "mass2": 0.0,
            "mass3": 0.0,
            "mass4": 0.0
        }
    },
    "MonoJet": {
        "c": {
            "mass0": 0.5271611380006679,
            "mass1": 0.06872555514746094,
            "mass2": 0.03173333302181956,
            "mass3": 0.10133872384470138,
            "mass4": 0.2710412499853501
        },
        "cc": {
            "mass0": 0.061588201434698925,
            "mass1": 0.15970656702759353,
            "mass2": 0.19874817524280702,
            "mass3": 0.18451610040898161,
            "mass4": 0.39544095588591877
        },
        "other": {
            "mass0": 0.470549219814652,
            "mass1": 0.10230944271046646,
            "mass2": 0.053180281639718066,
            "mass3": 0.09228766772682276,
            "mass4": 0.2816733881083408
        },
        "garbage": {
            "mass0": 1.0,
            "mass1": 0.0,
            "mass2": 0.0,
            "mass3": 0.0,
            "mass4": 0.0
        }
    },
    "MonoW": {
        "vqq": {
            "mass0": 0.13280560928437826,
            "mass1": 0.030957640051420245,
            "mass2": 0.06468075731696131,
            "mass3": 0.5123263756216457,
            "mass4": 0.25922961772559444
        },
        "wcq": {
            "mass0": 0.142633963008345,
            "mass1": 0.02944901068257672,
            "mass2": 0.09329309539946182,
            "mass3": 0.48309398242106455,
            "mass4": 0.2515299484885522
        },
        "c": {
            "mass0": 0.38264561492558324,
            "mass1": 0.06014189511668225,
            "mass2": 0.03939728090179776,
            "mass3": 0.07555676635356764,
            "mass4": 0.44225844270236886
        },
        "other": {
            "mass0": 0.43504187356476837,
            "mass1": 0.08194132660013594,
            "mass2": 0.03988836176557697,
            "mass3": 0.0819885361256509,
            "mass4": 0.36113990194386786
        },
        "garbage": {
            "mass0": 1.0,
            "mass1": 0.0,
            "mass2": 0.0,
            "mass3": 0.0,
            "mass4": 0.0
        }
    },
    "MonoZ": {
        "vqq": {
            "mass0": 0.12606011223931501,
            "mass1": 0.023909175978711145,
            "mass2": 0.027046422205408014,
            "mass3": 0.4778690020819309,
            "mass4": 0.34511528749463477
        },
        "c": {
            "mass0": 0.443843577170455,
            "mass1": 0.0581231598142498,
            "mass2": 0.03516867986205725,
            "mass3": 0.07480079469514656,
            "mass4": 0.3880637884580913
        },
        "cc": {
            "mass0": 0.39919528330956566,
            "mass1": 0.0890072252180442,
            "mass2": 0.04664856817260355,
            "mass3": 0.13853838978106256,
            "mass4": 0.32661053351872416
        },
        "other": {
            "mass0": 0.4479066721738206,
            "mass1": 0.0725286222675338,
            "mass2": 0.040206633591454224,
            "mass3": 0.08342298972463934,
            "mass4": 0.3559350822425519
        },
        "zcc": {
            "mass0": 0.12879505536626087,
            "mass1": 0.02476614846640723,
            "mass2": 0.036870568798094035,
            "mass3": 0.4983300987709561,
            "mass4": 0.3112381285982818
        },
        "garbage": {
            "mass0": 1.0,
            "mass1": 0.0,
            "mass2": 0.0,
            "mass3": 0.0,
            "mass4": 0.0
        }
    }
}