{
    "W+HF": [
        0.6202589176812043,
        0.22285604684650254,
        0.11355130020660423,
        0.031891871001654026,
        0.010271740617533817,
        0.0008711902802996985,
        0.00023230324610524382,
        6.663012009612435e-05
    ],
    "W+LF": [
        0.5817171825673019,
        0.22872403874296013,
        0.1298595467904686,
        0.041845071712332815,
        0.01549964413420651,
        0.0016726777584154917,
        0.0005232819433985,
        0.00015855635091616932
    ],
    "Z+HF": [
        0.6386516175270786,
        0.21406400270211132,
        0.10448948528946209,
        0.032124967630716234,
        0.009593170671259189,
        0.0008013258671015297,
        0.00021226047094267562,
        6.316984132842848e-05
    ],
    "Z+LF": [
        0.597232761617945,
        0.22235264985326098,
        0.1200426749355558,
        0.04281459538446581,
        0.015360889235657541,
        0.0015657781479286896,
        0.00047999109356086563,
        0.00015065973162520693
    ],
    "G+HF": [
        0.6287562123132876,
        0.22454760085511707,
        0.10717714420440926,
        0.028065975461674927,
        0.009938521224760912,
        0.0010732336880256482,
        0.0003285683051105157,
        0.00011274394761400993
    ],
    "G+LF": [
        0.556074738284153,
        0.24705116811305627,
        0.13312381086203043,
        0.04333927860547027,
        0.01741964016009766,
        0.0020750465782334096,
        0.0006936175462593557,
        0.000222699850699655
    ],
    "DY+HF": [
        0.6307666277692328,
        0.22095755670257478,
        0.10969273802840696,
        0.02871891193729429,
        0.008891359908397076,
        0.0007684186046979655,
        0.00016739105977207775,
        3.699598962391621e-05
    ],
    "DY+LF": [
        0.5964701065660222,
        0.22671529216475705,
        0.12363359860789476,
        0.03776793870694112,
        0.013579946679598606,
        0.0013309535613215276,
        0.0003910513662184501,
        0.00011111234724603816
    ],
    "TT": [
        0.6466316468830403,
        0.22457928443238082,
        0.09982816107360903,
        0.022230172673935778,
        0.0061030508938291796,
        0.0005521761112063799,
        7.134001535149016e-05,
        4.167916647125977e-06
    ]
}