{
    "W+HF": {
        "sr": [
            0.6992192578453871,
            0.19947314392560117,
            0.07516575557819691,
            0.020805600974285895,
            0.004934756263821408,
            0.0003161190344672878,
            6.743356991757651e-05,
            1.7932808322863217e-05
        ],
        "tecr": [
            0.5155349773186554,
            0.25226035753253656,
            0.159073632594012,
            0.05050487195466303,
            0.019775280669259994,
            0.0020885768844006256,
            0.0006003969109824054,
            0.00016190613548983454
        ],
        "tmcr": [
            0.5686790079625146,
            0.23948296208754083,
            0.13608878306423067,
            0.04031356511117399,
            0.013705875572011571,
            0.0013005935742007257,
            0.00032852447420032626,
            0.00010068815412724244
        ],
        "wecr": [
            0.5732539453120551,
            0.2384563667144748,
            0.1331728363775253,
            0.039887036676604676,
            0.01357243321688555,
            0.0012263242766236916,
            0.00032988373384404684,
            0.00010117369198682037
        ],
        "wmcr": [
            0.6294667807695032,
            0.2193504769793652,
            0.11105133255953356,
            0.02963638487964267,
            0.009470666377828112,
            0.0007612248433126284,
            0.0002065112731750544,
            5.6622317639583596e-05
        ],
        "zecr": [
            0.6648943576168383,
            0.14895293365565174,
            0.13612886382870976,
            0.04625862076296472,
            0.0034254448585632627,
            0.0,
            0.00033977927727210096,
            0.0
        ],
        "zmcr": [
            0.7677628552642214,
            0.1262110868842815,
            0.09433455803048553,
            0.0076035251093339844,
            0.004087974711677482,
            0.0,
            0.0,
            0.0
        ]
    },
    "W+LF": {
        "sr": [
            0.6660719685251255,
            0.20581690148766793,
            0.09307334083702,
            0.02659463739528963,
            0.007633473510453048,
            0.0006007784044728163,
            0.00016643068929477994,
            4.2469150676274425e-05
        ],
        "tecr": [
            0.4696767269738428,
            0.24972166050700922,
            0.17492875217415976,
            0.06838780317754592,
            0.0313479594059398,
            0.004116451888735461,
            0.0013348944432841356,
            0.0004857514294831155
        ],
        "tmcr": [
            0.5242797071960822,
            0.23979189155549205,
            0.1544692716733648,
            0.054605510624115075,
            0.023049945036573715,
            0.00264895614222443,
            0.0008750485498748635,
            0.0002796692222729138
        ],
        "wecr": [
            0.5283826567798949,
            0.24109668328207243,
            0.1529754841370229,
            0.052941712440451094,
            0.021111639428116523,
            0.0024448766388564525,
            0.0007958098259946213,
            0.000251137467590972
        ],
        "wmcr": [
            0.5768412270209491,
            0.2316082865990998,
            0.1321902592476016,
            0.041711853977260016,
            0.015351204332889029,
            0.0016439695016540257,
            0.0005048076437307371,
            0.00014839167681562782
        ],
        "zecr": [
            0.6086309557278773,
            0.22627368547738827,
            0.12640070456752198,
            0.029617439417950125,
            0.008160522646714439,
            0.0003261580419534693,
            0.0005094005079009074,
            8.11336126934567e-05
        ],
        "zmcr": [
            0.7455194935469824,
            0.12277824417336818,
            0.12086960370116348,
            0.00751291176611931,
            0.0033197468123665544,
            0.0,
            0.0,
            0.0
        ]
    },
    "Z+HF": {
        "sr": [
            0.6386516175270786,
            0.21406400270211132,
            0.10448948528946209,
            0.032124967630716234,
            0.009593170671259189,
            0.0008013258671015297,
            0.00021226047094267562,
            6.316984132842848e-05
        ]
    },
    "Z+LF": {
        "sr": [
            0.597232761617945,
            0.22235264985326098,
            0.1200426749355558,
            0.04281459538446581,
            0.015360889235657541,
            0.0015657781479286896,
            0.00047999109356086563,
            0.00015065973162520693
        ]
    },
    "G+HF": {
        "gcr": [
            0.6287562123132876,
            0.22454760085511707,
            0.10717714420440926,
            0.028065975461674927,
            0.009938521224760912,
            0.0010732336880256482,
            0.0003285683051105157,
            0.00011274394761400993
        ]
    },
    "G+LF": {
        "gcr": [
            0.556074738284153,
            0.24705116811305627,
            0.13312381086203043,
            0.04333927860547027,
            0.01741964016009766,
            0.0020750465782334096,
            0.0006936175462593557,
            0.000222699850699655
        ]
    },
    "DY+HF": {
        "sr": [
            0.7455545663299664,
            0.1896274302380812,
            0.05615245434758145,
            0.0072075222201819465,
            0.001276316468661018,
            0.00018171039552795904,
            0.0,
            0.0
        ],
        "tecr": [
            0.5515658188092655,
            0.2564258911371342,
            0.13265997967810086,
            0.043054171358010866,
            0.014762099716205184,
            0.0015320393012834355,
            0.0,
            0.0
        ],
        "tmcr": [
            0.6394291582876013,
            0.22214086788507792,
            0.10588194250414548,
            0.023637275664963344,
            0.007871583986604336,
            0.0007735552717422077,
            0.00026328315595616195,
            2.333243909305588e-06
        ],
        "wecr": [
            0.5755448901736349,
            0.25253427230187664,
            0.13102775571520728,
            0.031248319269037737,
            0.008956175246627293,
            0.0006525617753263556,
            3.602551828973227e-05,
            0.0
        ],
        "wmcr": [
            0.69862534725764,
            0.1966848342774067,
            0.08180715954143801,
            0.017004637164910255,
            0.005270275709585797,
            0.00047293559476823516,
            0.00010460249112966092,
            3.020796312114675e-05
        ],
        "zecr": [
            0.6222904063680337,
            0.22276720752154072,
            0.11325538140683246,
            0.0306609441501164,
            0.009827153849443132,
            0.0009437296722508705,
            0.0002175834572006554,
            3.759357458203118e-05
        ],
        "zmcr": [
            0.6201117719224079,
            0.22477649055266738,
            0.1143109302634449,
            0.03065969877494783,
            0.009235361517991045,
            0.0007146836392588053,
            0.00014846663400833377,
            4.259669527386226e-05
        ]
    },
    "DY+LF": {
        "sr": [
            0.7477873473681832,
            0.18317266423493023,
            0.056205494430703384,
            0.010858871053270608,
            0.0018010582869641357,
            0.00016457092660267898,
            9.2642968314905e-06,
            7.294025142560086e-07
        ],
        "tecr": [
            0.545660330747243,
            0.23177584812971017,
            0.1476208179967283,
            0.05364019542117597,
            0.018717387811546717,
            0.0020615414025246647,
            0.0004188174692935838,
            0.00010506102177760319
        ],