{
    "W+jets": {
        "sr": 0.04400804545672585,
        "tecr": 0.04627157890917553,
        "tmcr": 0.0369024071922319,
        "wecr": 0.03793155311709271,
        "wmcr": 0.030695136069687608,
        "zecr": 0.014488516957634194,
        "zmcr": 0.0
    },
    "Z+jets": {
        "sr": 0.04971283160624735
    },
    "G+jets": {
        "gcr": 0.00501762765792134
    },
    "DY+jets": {
        "sr": 0.045571586963304316,
        "tecr": 0.06964307909209091,
        "tmcr": 0.035795218022084,
        "wecr": 0.04900866436937965,
        "wmcr": 0.024907392347752418,
        "zecr": 0.004669050985264902,
        "zmcr": 0.004587315697890661
    }
}